repository_name,owner,url,stars,commits,repo_age_days,open_issues,closed_issues,comments,unique_commenters,issue_span_days
awesome,sindresorhus,https://github.com/sindresorhus/awesome,474847,1202,4353,16,352,1000,348,4321
freeCodeCamp,freeCodeCamp,https://github.com/freeCodeCamp/freeCodeCamp,446621,41762,4187,102,21429,1022,141,4186
free-programming-books,EbookFoundation,https://github.com/EbookFoundation/free-programming-books,390099,10095,4626,34,1243,1000,213,4618
openclaw,openclaw,https://github.com/openclaw/openclaw,378200,58576,199,4342,35265,1001,298,196
react,react,https://github.com/react/react,245763,21507,4766,841,13684,1001,233,4760
superpowers,obra,https://github.com/obra/superpowers,224664,441,244,123,591,1001,425,242
Python,TheAlgorithms,https://github.com/TheAlgorithms/Python,221855,3663,3617,127,1601,1002,297,3600
vue,vuejs,https://github.com/vuejs/vue,209845,3593,4700,365,9670,1004,175,4656
computer-science,ossu,https://github.com/ossu/computer-science,204812,1105,4421,16,658,1211,221,4014
tensorflow,tensorflow,https://github.com/tensorflow/tensorflow,195607,194928,3869,1005,40519,1294,311,3864
n8n,n8n-io,https://github.com/n8n-io/n8n,192086,20662,2546,445,8932,1001,128,2503
ohmyzsh,ohmyzsh,https://github.com/ohmyzsh/ohmyzsh,187931,7800,6131,149,4907,1000,419,6119
vscode,microsoft,https://github.com/microsoft/vscode,186166,159094,3933,16254,229203,1017,369,3893
AutoGPT,Significant-Gravitas,https://github.com/Significant-Gravitas/AutoGPT,184887,8691,1183,268,3589,1000,372,1170
CS-Notes,CyC2018,https://github.com/CyC2018/CS-Notes,184521,3781,3040,129,449,1005,294,2931
flutter,flutter,https://github.com/flutter/flutter,176880,89961,4114,12337,101686,1019,153,4060
awesome-go,avelino,https://github.com/avelino/awesome-go,175181,5411,4358,19,726,1000,220,4351
bootstrap,twbs,https://github.com/twbs/bootstrap,174306,23253,5430,290,22597,1005,328,5409
ollama,ollama,https://github.com/ollama/ollama,173885,5453,1080,2412,8129,1001,423,1079
opencode,anomalyco,https://github.com/anomalyco/opencode,173168,14072,406,5929,12223,1002,298,392
yt-dlp,yt-dlp,https://github.com/yt-dlp/yt-dlp,169883,23862,2054,1931,9682,1008,147,1981
stable-diffusion-webui,AUTOMATIC1111,https://github.com/AUTOMATIC1111/stable-diffusion-webui,163620,7689,1389,2419,5492,1000,268,1376
transformers,huggingface,https://github.com/huggingface/transformers,161508,23092,2782,1039,18017,1002,362,2774
HelloGitHub,521xueweihan,https://github.com/521xueweihan/HelloGitHub,160939,227,3690,431,2692,1000,132,3690
JavaGuide,Snailclimb,https://github.com/Snailclimb/JavaGuide,156319,6240,2957,57,1092,1000,350,2922
markitdown,microsoft,https://github.com/microsoft/markitdown,151093,309,574,406,101,1000,610,545
langflow,langflow-ai,https://github.com/langflow-ai/langflow,149551,18129,1218,233,3101,1000,335,1201
javascript,airbnb,https://github.com/airbnb/javascript,148085,1996,4969,100,1312,1018,320,4948
dify,langgenius,https://github.com/langgenius/dify,144873,11057,1156,301,17655,1001,263,1123
scrcpy,Genymobile,https://github.com/Genymobile/scrcpy,143363,3097,3124,2750,3331,1002,232,3015
open-webui,open-webui,https://github.com/open-webui/open-webui,141106,16810,978,187,8513,1004,269,968
youtube-dl,ytdl-org,https://github.com/ytdl-org/youtube-dl,140475,18977,5702,3628,23200,1000,240,5692
next.js,vercel,https://github.com/vercel/next.js,139920,34312,3535,2162,22591,1083,294,3524
langchain,langchain-ai,https://github.com/langchain-ai/langchain,139057,16170,1333,327,9335,1002,369,1324
go,golang,https://github.com/golang/go,134631,66715,4314,9726,62325,1375,14,6076
PowerToys,microsoft,https://github.com/microsoft/PowerToys,134086,9252,2598,6987,33169,1001,528,2592
claude-code,anthropics,https://github.com/anthropics/claude-code,131782,662,474,8610,56581,1000,409,472
firecrawl,firecrawl,https://github.com/firecrawl/firecrawl,131491,5628,786,59,824,1000,222,785
react-native,react,https://github.com/react/react-native,125983,40858,4171,714,26966,1005,265,4150
excalidraw,excalidraw,https://github.com/excalidraw/excalidraw,125131,4003,2352,2196,2607,1018,155,2350
clash-verge-rev,clash-verge-rev,https://github.com/clash-verge-rev/clash-verge-rev,124955,4394,933,379,5162,1000,319,931
kubernetes,kubernetes,https://github.com/kubernetes/kubernetes,122928,138477,4387,1785,47344,1052,98,4387
electron,electron,https://github.com/electron/electron,121599,30580,4808,734,20958,1010,251,4783
node,nodejs,https://github.com/nodejs/node,117713,47086,4214,1565,18893,1524,166,4213
iptv,iptv-org,https://github.com/iptv-org/iptv,117690,34085,2765,120,25892,1073,235,2628
ComfyUI,Comfy-Org,https://github.com/Comfy-Org/ComfyUI,116618,5426,1241,3769,4833,1000,278,1232
ui,shadcn-ui,https://github.com/shadcn-ui/ui,116305,2199,1254,987,3138,1003,605,1251
llama.cpp,ggml-org,https://github.com/ggml-org/llama.cpp,116086,9601,1189,732,7885,1004,364,1188
rustdesk,rustdesk,https://github.com/rustdesk/rustdesk,116016,11166,2082,74,4096,1000,236,2069
rust,rust-lang,https://github.com/rust-lang/rust,113754,329264,5838,11304,51402,1002,67,5834
three.js,mrdoob,https://github.com/mrdoob/three.js,112974,47363,5924,286,13355,1006,123,5889
godot,godotengine,https://github.com/godotengine/godot,112392,84023,4541,13264,49223,1053,207,4505
spec-kit,github,https://github.com/github/spec-kit,111452,1119,293,245,938,1000,369,281
TypeScript,microsoft,https://github.com/microsoft/TypeScript,109175,36765,4377,5016,38113,1025,230,4348
axios,axios,https://github.com/axios/axios,109074,2083,4314,116,4920,1010,495,4289
v2rayN,2dust,https://github.com/2dust/v2rayN,108696,2776,2508,15,6887,1004,321,2508
tauri,tauri-apps,https://github.com/tauri-apps/tauri,107757,6016,2525,1299,5014,1033,210,2524
frp,fatedier,https://github.com/fatedier/frp,107264,1459,3825,45,4066,1004,271,3717
deno,denoland,https://github.com/denoland/deno,107023,16642,2949,1075,13400,1001,258,2935
nodebestpractices,goldbergyoni,https://github.com/goldbergyoni/nodebestpractices,105300,3916,3191,52,286,1008,149,3119
gemini-cli,google-gemini,https://github.com/google-gemini/gemini-cli,105171,6250,420,1076,12818,1000,356,419
supabase,supabase,https://github.com/supabase/supabase,104035,36798,2434,242,5375,1014,296,2407
DeepSeek-V3,deepseek-ai,https://github.com/deepseek-ai/DeepSeek-V3,103737,73,532,184,793,1005,507,532
terminal,microsoft,https://github.com/microsoft/terminal,103550,4949,3226,1649,12305,1009,210,3223
create-react-app,react,https://github.com/react/create-react-app,103330,2819,3616,1857,6576,1000,187,3611
immich,immich-app,https://github.com/immich-app/immich,103086,10257,1589,489,8093,1009,196,1587
pytorch,pytorch,https://github.com/pytorch/pytorch,100658,105920,3589,15418,43767,1715,209,3586
HowToCook,Anduin2017,https://github.com/Anduin2017/HowToCook,100592,2606,2294,458,389,1007,502,2288
neovim,neovim,https://github.com/neovim/neovim,100324,36823,4514,1638,12598,1075,173,4493
angular,angular,https://github.com/angular/angular,100300,37673,4284,989,29719,1001,93,4527
cc-switch,farion1231,https://github.com/farion1231/cc-switch,98467,1922,311,1053,2010,1000,255,289
material-ui,mui,https://github.com/mui/material-ui,98397,28336,4315,1390,19082,1008,388,4254
ant-design,ant-design,https://github.com/ant-design/ant-design,98330,32287,4066,1232,31439,1003,194,4049
browser-use,browser-use,https://github.com/browser-use/browser-use,98313,9716,588,64,1479,1002,440,582
thefuck,nvbn,https://github.com/nvbn/thefuck,97309,1651,4082,304,483,1008,296,4016
tailwindcss,tailwindlabs,https://github.com/tailwindlabs/tailwindcss,95478,6768,3170,42,4812,1003,340,3143
puppeteer,puppeteer,https://github.com/puppeteer/puppeteer,94510,6341,3319,250,7122,1012,263,3283
java-design-patterns,iluwatar,https://github.com/iluwatar/java-design-patterns,94121,4397,4324,127,854,1004,148,4255
nvm,nvm-sh,https://github.com/nvm-sh/nvm,93766,2344,5901,333,2090,1007,359,5895
Deep-Live-Cam,hacksider,https://github.com/hacksider/Deep-Live-Cam,93724,615,991,87,1076,1000,505,975
weekly,ruanyf,https://github.com/ruanyf/weekly,93616,828,2798,8076,1471,1000,433,2798
bun,oven-sh,https://github.com/oven-sh/bun,93097,15692,1884,5141,11742,1001,367,1763
DeepSeek-R1,deepseek-ai,https://github.com/deepseek-ai/DeepSeek-R1,92008,36,507,25,688,1001,514,506
playwright,microsoft,https://github.com/microsoft/playwright,90755,17205,2400,136,17380,1002,330,2396
codex,openai,https://github.com/openai/codex,90455,7361,424,6297,8473,1002,473,421
storybook,storybookjs,https://github.com/storybookjs/storybook,90280,80769,3737,1668,12701,1033,297,3732
vue-element-admin,PanJiaChen,https://github.com/PanJiaChen/vue-element-admin,90259,1020,3342,1256,2358,1000,320,3279
bitcoin,bitcoin,https://github.com/bitcoin/bitcoin,89363,49268,5653,341,8782,1006,192,5652
opencv,opencv,https://github.com/opencv/opencv,88903,36260,5075,2539,9012,1000,460,3976
gin,gin-gonic,https://github.com/gin-gonic/gin,88662,1996,4377,602,1793,1027,328,4355
mermaid,mermaid-js,https://github.com/mermaid-js/mermaid,88592,15366,4239,1405,2313,1000,290,4212
hugo,gohugoio,https://github.com/gohugoio/hugo,88520,9800,4725,199,7954,1010,201,4718
NextChat,ChatGPTNextWeb,https://github.com/ChatGPTNextWeb/NextChat,88224,3093,1189,707,2900,1074,342,1163
uptime-kuma,louislam,https://github.com/louislam/uptime-kuma,87884,7130,1804,689,4140,1001,377,1795
core,home-assistant,https://github.com/home-assistant/core,87652,111357,4650,2605,68589,1038,139,4234
manim,3b1b,https://github.com/3b1b/manim,87523,6369,4099,467,769,1000,325,3570
svelte,sveltejs,https://github.com/sveltejs/svelte,87156,11252,3490,929,8162,1000,226,3489
servers,modelcontextprotocol,https://github.com/modelcontextprotocol/servers,87069,4112,569,277,825,1005,484,562
uv,astral-sh,https://github.com/astral-sh/uv,86275,9339,982,2326,6695,1006,128,980
MoneyPrinterTurbo,harry0703,https://github.com/harry0703/MoneyPrinterTurbo,86008,603,822,21,689,1000,273,821
syncthing,syncthing,https://github.com/syncthing/syncthing,85233,8125,4580,371,5539,1003,152,4540
zed,zed-industries,https://github.com/zed-industries/zed,85021,38433,1937,2650,18664,1010,193,1900
sherlock,sherlock-project,https://github.com/sherlock-project/sherlock,84880,2919,2726,90,1086,1001,252,2723
realworld,realworld-apps,https://github.com/realworld-apps/realworld,83529,1144,3757,27,521,1000,189,3622
localsend,localsend,https://github.com/localsend/localsend,83193,1848,1273,923,750,1001,370,1257
animate.css,animate-css,https://github.com/animate-css/animate.css,82588,664,5356,42,843,1000,328,5282
vllm,vllm-project,https://github.com/vllm-project/vllm,82575,17526,1218,1999,13964,1002,496,1166
ragflow,infiniflow,https://github.com/infiniflow/ragflow,82473,6725,912,3003,4305,1000,355,825
PaddleOCR,PaddlePaddle,https://github.com/PaddlePaddle/PaddleOCR,81853,6916,2225,157,10489,1001,203,2219
claude-mem,thedotmack,https://github.com/thedotmack/claude-mem,81807,2008,283,29,1574,1003,264,275
FiraCode,tonsky,https://github.com/tonsky/FiraCode,81720,626,4230,422,963,1000,348,4218
vite,vitejs,https://github.com/vitejs/vite,81400,9324,2242,504,8152,1003,320,2242
fzf,junegunn,https://github.com/junegunn/fzf,80970,3650,4614,256,2909,1001,193,4600
spring-boot,spring-projects,https://github.com/spring-projects/spring-boot,80873,61546,4983,479,41979,1002,172,4696
Stirling-PDF,Stirling-Tools,https://github.com/Stirling-Tools/Stirling-PDF,80645,5235,1231,322,1438,1004,262,1228
github-readme-stats,anuraghazra,https://github.com/anuraghazra/github-readme-stats,79630,1786,2163,166,1238,1041,199,2162
hoppscotch,hoppscotch,https://github.com/hoppscotch/hoppscotch,79488,6134,2486,541,1915,1010,170,2484
lazygit,jesseduffield,https://github.com/jesseduffield/lazygit,79227,7574,2945,830,1796,1001,224,2864
netdata,netdata,https://github.com/netdata/netdata,79120,22364,4742,171,8078,1002,197,4740
lobehub,lobehub,https://github.com/lobehub/lobehub,78511,11200,1117,117,5851,1007,97,1052
code-server,coder,https://github.com/coder/code-server,77905,4175,2661,137,3698,1005,276,2651
models,tensorflow,https://github.com/tensorflow/models,77667,9745,3779,1083,6240,1002,351,3694
gpt4all,nomic-ai,https://github.com/nomic-ai/gpt4all,77352,2289,1172,724,1495,1014,498,1132
Ventoy,ventoy,https://github.com/ventoy/Ventoy,77155,1166,2284,851,1906,1010,232,2256
elasticsearch,elastic,https://github.com/elastic/elasticsearch,76942,101153,5967,4640,40659,1002,153,5965
Font-Awesome,FortAwesome,https://github.com/FortAwesome/Font-Awesome,76654,21,5228,295,19633,1002,537,5206
OpenHands,OpenHands,https://github.com/OpenHands/OpenHands,76475,6859,820,142,3977,1004,221,819
json-server,typicode,https://github.com/typicode/json-server,75584,1042,4579,615,574,1001,400,4530
redis,redis,https://github.com/redis/redis,74824,13126,6290,2231,4763,1000,357,5982
tesseract,tesseract-ocr,https://github.com/tesseract-ocr/tesseract,74630,6615,4321,432,2331,1048,163,4223
grafana,grafana,https://github.com/grafana/grafana,74349,69935,4565,3070,41154,1065,351,4529
openai-cookbook,openai,https://github.com/openai/openai-cookbook,74127,1402,1553,63,721,1001,299,1388
imgui,ocornut,https://github.com/ocornut/imgui,73778,9914,4343,1056,5832,1018,147,4318
the-algorithm,twitter,https://github.com/twitter/the-algorithm,73414,31,1172,318,753,1001,527,1164
caddy,caddyserver,https://github.com/caddyserver/caddy,73318,2597,4167,194,4372,1037,181,4061
superset,apache,https://github.com/apache/superset,73254,20537,3978,614,11846,1001,345,3976
RuView,ruvnet,https://github.com/ruvnet/RuView,73176,898,369,42,288,1011,235,293
cpython,python,https://github.com/python/cpython,73170,131775,3408,7161,69535,1002,53,9501
obs-studio,obsproject,https://github.com/obsproject/obs-studio,73106,15577,4636,760,4323,1015,247,4590
stable-diffusion,CompVis,https://github.com/CompVis/stable-diffusion,73098,33,1401,540,199,1007,372,1392
screenshot-to-code,abi,https://github.com/abi/screenshot-to-code,72869,1334,940,118,283,1003,299,907
daytona,daytonaio,https://github.com/daytonaio/daytona,72456,2688,856,305,917,1002,86,835
strapi,strapi,https://github.com/strapi/strapi,72336,37298,3907,389,11650,1015,239,3904
AppFlowy,AppFlowy-IO,https://github.com/AppFlowy-IO/AppFlowy,72248,7209,1821,945,3152,1001,328,1669
LlamaFactory,hiyouga,https://github.com/hiyouga/LlamaFactory,72090,3043,1110,967,7021,1003,271,1105
tabby,Eugeny,https://github.com/Eugeny/tabby,72067,6467,3457,2619,3601,1002,319,3269
reveal.js,hakimel,https://github.com/hakimel/reveal.js,71668,3356,5483,798,1710,1005,295,5299
moby,moby,https://github.com/moby/moby,71667,56768,4892,3250,20246,1004,216,4889
protobuf,protocolbuffers,https://github.com/protocolbuffers/protobuf,71338,23294,4307,116,6742,1010,309,4305
deer-flow,bytedance,https://github.com/bytedance/deer-flow,70984,2254,400,568,948,1000,365,399
gpt_academic,binary-husky,https://github.com/binary-husky/gpt_academic,70864,2403,1179,292,1485,1002,304,1166
act,nektos,https://github.com/nektos/act,70804,1317,2716,254,1081,1019,394,2696
swift,swiftlang,https://github.com/swiftlang/swift,70039,201644,3883,7552,10325,1000,101,3869
anime,juliangarnier,https://github.com/juliangarnier/anime,69718,904,3741,96,750,1003,335,3616
ghidra,NationalSecurityAgency,https://github.com/NationalSecurityAgency/ghidra,69521,17687,2659,1549,4447,1013,349,2654
AFFiNE,toeverything,https://github.com/toeverything/AFFiNE,69278,11316,1411,549,3269,1006,132,1410
express,expressjs,https://github.com/expressjs/express,69140,6146,6194,104,3949,1002,108,6180
OpenBB,OpenBB-finance,https://github.com/OpenBB-finance/OpenBB,68955,6852,1999,39,2267,1002,161,1923
ansible,ansible,https://github.com/ansible/ansible,68854,55471,5210,520,32860,1003,109,5210
MetaGPT,FoundationAgents,https://github.com/FoundationAgents/MetaGPT,68726,6367,1077,21,930,1015,333,1072
node,base,https://github.com/base/node,68524,279,1226,11,350,1002,241,1203
crawl4ai,unclecode,https://github.com/unclecode/crawl4ai,68280,1533,763,21,960,1002,220,759
Apollo-11,chrislgarry,https://github.com/chrislgarry/Apollo-11,68061,586,4452,58,331,1003,451,3570
Chart.js,chartjs,https://github.com/chartjs/Chart.js,67483,4585,4833,493,6818,1000,517,4824
echarts,apache,https://github.com/apache/echarts,66560,10379,4817,1469,17886,1001,180,4754
scikit-learn,scikit-learn,https://github.com/scikit-learn/scikit-learn,66295,33744,5777,1518,10612,1029,88,5763
unsloth,unslothai,https://github.com/unslothai/unsloth,66253,5637,925,1090,2460,1003,241,923
Java,TheAlgorithms,https://github.com/TheAlgorithms/Java,65823,3211,3617,11,1222,1006,325,3430
webpack,webpack,https://github.com/webpack/webpack,65782,18806,5206,95,10097,1001,158,5091
uBlock,gorhill,https://github.com/gorhill/uBlock,65406,13965,4089,13,3434,1002,173,2361
docusaurus,facebook,https://github.com/facebook/docusaurus,65177,6656,3278,294,3151,1003,201,3254
ripgrep,BurntSushi,https://github.com/BurntSushi/ripgrep,65030,2216,3744,117,1683,1054,254,3556
alacritty,alacritty,https://github.com/alacritty/alacritty,64556,2486,3766,325,5986,1018,353,3550
prometheus,prometheus,https://github.com/prometheus/prometheus,64438,17752,4947,518,5957,1066,101,4903
keras,keras-team,https://github.com/keras-team/keras,64078,12481,4093,141,12643,1008,330,4092
ladybird,LadybirdBrowser,https://github.com/LadybirdBrowser/ladybird,64022,79302,742,508,1212,1003,273,740
openinterpreter,openinterpreter,https://github.com/openinterpreter/openinterpreter,63860,5909,1063,263,815,1001,389,1040
traefik,traefik,https://github.com/traefik/traefik,63638,6281,3924,694,6071,1005,322,3915
nocodb,nocodb,https://github.com/nocodb/nocodb,63402,43186,3147,441,4249,1000,352,3145
nerd-fonts,ryanoasis,https://github.com/ryanoasis/nerd-fonts,63313,2975,4206,59,1083,1013,200,4200
rustlings,rust-lang,https://github.com/rust-lang/rustlings,63187,3354,3922,26,738,1000,364,3914
socket.io,socketio,https://github.com/socketio/socket.io,63124,7737,5936,166,3497,1003,315,5929
cline,cline,https://github.com/cline/cline,63057,6103,705,532,3419,1003,346,701
tldr,tldr-pages,https://github.com/tldr-pages/tldr,62830,22820,4568,228,1527,1019,133,4564
vaultwarden,dani-garcia,https://github.com/dani-garcia/vaultwarden,62237,3041,3035,13,2666,1057,169,2973
scrapy,scrapy,https://github.com/scrapy/scrapy,62199,11141,5953,429,2843,1003,226,5389
oh-my-openagent,code-yeongyu,https://github.com/code-yeongyu/oh-my-openagent,61923,8582,190,350,1804,1006,179,184
pi,earendil-works,https://github.com/earendil-works/pi,61763,4503,306,29,3345,1001,165,210
sway,FuelLabs,https://github.com/FuelLabs/sway,61638,3619,1968,866,2433,1002,48,1957
warp,warpdotdev,https://github.com/warpdotdev/warp,61563,1046,1799,3702,6535,1005,469,1799
drawio-desktop,jgraph,https://github.com/jgraph/drawio-desktop,61558,1139,3303,70,1728,1002,313,3212
redux,reduxjs,https://github.com/reduxjs/redux,61471,4161,4030,42,2032,1017,182,4025
anything-llm,Mintplex-Labs,https://github.com/Mintplex-Labs/anything-llm,61449,2029,1103,303,3281,1001,259,1098
docling,docling-project,https://github.com/docling-project/docling,61402,1096,702,865,961,1002,299,694
openpilot,commaai,https://github.com/commaai/openpilot,61345,17245,3486,86,3185,1001,243,3468
lodash,lodash,https://github.com/lodash/lodash,61229,7701,5178,70,4288,1006,211,5155
Magisk,topjohnwu,https://github.com/topjohnwu/Magisk,60895,7638,3563,48,6505,1000,294,3554
memos,usememos,https://github.com/usememos/memos,60639,4544,1646,12,2945,1003,247,1638
awesome-chatgpt-prompts-zh,PlexPt,https://github.com/PlexPt/awesome-chatgpt-prompts-zh,60607,179,1277,40,61,1000,193,1215
nuxt,nuxt,https://github.com/nuxt/nuxt,60408,14988,3515,658,16708,1032,236,3501
markdown-here,adam-p,https://github.com/adam-p/markdown-here,60208,852,5142,301,334,1003,250,5041
astro,withastro,https://github.com/withastro/astro,60048,14452,1914,92,6246,1001,147,1906
spring-framework,spring-projects,https://github.com/spring-projects/spring-framework,60017,35117,5664,338,27876,7730,10,8233
Real-Time-Voice-Cloning,CorentinJ,https://github.com/CorentinJ/Real-Time-Voice-Cloning,59907,303,2573,162,951,1001,334,2550
jquery,jquery,https://github.com/jquery/jquery,59832,6844,6278,73,2310,1002,85,4233
shadowsocks-windows,shadowsocks,https://github.com/shadowsocks/shadowsocks-windows,59563,1502,4896,189,2726,1002,204,4829
llama,meta-llama,https://github.com/meta-llama/llama,59453,148,1213,464,654,1000,494,1197
TrendRadar,sansan0,https://github.com/sansan0/TrendRadar,59318,238,409,28,453,1004,331,372
bat,sharkdp,https://github.com/sharkdp/bat,59282,3924,2973,317,1294,1000,228,2972
pi-hole,pi-hole,https://github.com/pi-hole/pi-hole,59231,7133,4386,27,3114,1000,99,4125
mkcert,FiloSottile,https://github.com/FiloSottile/mkcert,59058,165,2908,113,241,1001,388,2887
pocketbase,pocketbase,https://github.com/pocketbase/pocketbase,59044,2377,1437,18,1993,1000,263,1433
ruflo,ruvnet,https://github.com/ruvnet/ruflo,58988,6705,373,444,860,1004,196,364
autogen,microsoft,https://github.com/microsoft/autogen,58879,3782,1028,536,2510,1013,322,1182
rails,rails,https://github.com/rails/rails,58658,98218,6635,472,18119,1024,257,6280
GPT-SoVITS,RVC-Boss,https://github.com/RVC-Boss/GPT-SoVITS,58585,1044,879,784,1247,1000,296,876
mem0,mem0ai,https://github.com/mem0ai/mem0,58358,2261,1087,115,1547,1000,207,1085
ultralytics,ultralytics,https://github.com/ultralytics/ultralytics,58294,4114,1369,76,12672,1001,178,1362
starship,starship,https://github.com/starship/starship,58269,4289,2627,798,1879,1004,265,2612
meilisearch,meilisearch,https://github.com/meilisearch/meilisearch,58058,14086,2971,244,2197,1010,157,2947
rclone,rclone,https://github.com/rclone/rclone,57855,9815,4470,963,5111,1008,248,4392
yolov5,ultralytics,https://github.com/ultralytics/yolov5,57509,2985,2215,36,9407,1036,178,2196
marktext,marktext,https://github.com/marktext/marktext,57233,1820,3133,1055,2047,1001,168,3126
context7,upstash,https://github.com/upstash/context7,57188,861,441,12,2075,1003,274,434
fuel-core,FuelLabs,https://github.com/FuelLabs/fuel-core,57020,1501,2113,161,999,1000,80,2049
coolify,coollabsio,https://github.com/coollabsio/coolify,56807,15887,1962,597,3165,1000,282,1961
rich,Textualize,https://github.com/Textualize/rich,56601,4458,2405,218,1283,1001,212,2324
OpenManus,FoundationAgents,https://github.com/FoundationAgents/OpenManus,56518,526,462,337,416,1001,476,452
face_recognition,ageitgey,https://github.com/ageitgey/face_recognition,56479,238,3386,779,598,1014,277,3352
react-router,remix-run,https://github.com/remix-run/react-router,56434,10965,4408,89,8260,1002,134,4398
ghostty,ghostty-org,https://github.com/ghostty-org/ghostty,56317,16351,1535,146,2051,1003,163,1402
appwrite,appwrite,https://github.com/appwrite/appwrite,56279,35809,2621,521,3873,1008,213,2473
termux-app,termux,https://github.com/termux/termux-app,56248,1505,3884,475,2624,1064,356,3880
gitea,go-gitea,https://github.com/go-gitea/gitea,56233,20972,3509,2505,13242,1002,135,3508
gatsby,gatsbyjs,https://github.com/gatsbyjs/gatsby,55933,21866,4038,218,13914,1020,192,4008
winutil,ChrisTitusTech,https://github.com/ChrisTitusTech/winutil,55808,1495,1505,10,2270,1000,325,1492
Mole,tw93,https://github.com/tw93/Mole,55613,2448,261,17,669,1001,212,252
joplin,laurent22,https://github.com/laurent22/joplin,55164,15186,3432,560,7473,1009,237,3140
first-contributions,firstcontributions,https://github.com/firstcontributions/first-contributions,54430,28967,3551,48,1417,1002,317,3546
powerlevel10k,romkatv,https://github.com/romkatv/powerlevel10k,54414,4324,2664,125,2492,1004,118,2655
ChatGPT,lencx,https://github.com/lencx/ChatGPT,54379,635,1282,903,369,1014,273,1277
segment-anything,facebookresearch,https://github.com/facebookresearch/segment-anything,54339,49,1176,535,182,1001,609,1055
dive,wagoodman,https://github.com/wagoodman/dive,54264,508,2951,169,206,1001,436,2877
typst,typst,https://github.com/typst/typst,54157,4762,2451,1178,3153,1000,290,2154
element,ElemeFE,https://github.com/ElemeFE/element,54117,4612,3568,2649,15245,1001,263,3543
requests,psf,https://github.com/psf/requests,54039,6476,5597,143,4012,1012,181,5593
Ghost,TryGhost,https://github.com/TryGhost/Ghost,53878,45824,4786,68,7212,1009,45,4781
PowerShell,PowerShell,https://github.com/PowerShell/PowerShell,53871,11464,3801,1239,12229,1000,83,3799
ImHex,WerWolv,https://github.com/WerWolv/ImHex,53829,6308,2039,330,1263,1001,257,2028
core,vuejs,https://github.com/vuejs/core,53808,7078,2921,633,5387,1002,205,2819
normalize.css,necolas,https://github.com/necolas/normalize.css,53537,360,5517,48,470,1005,282,5402
Flowise,FlowiseAI,https://github.com/FlowiseAI/Flowise,53487,3600,1168,665,1964,1002,328,1154
material-design-icons,google,https://github.com/google/material-design-icons,53432,301,4264,395,1183,1001,523,4256
pdf.js,mozilla,https://github.com/mozilla/pdf.js,53432,22891,5525,375,10137,1003,105,5486
crewAI,crewAIInc,https://github.com/crewAIInc/crewAI,53279,2517,958,56,1952,1004,421,924
jellyfin,jellyfin,https://github.com/jellyfin/jellyfin,53148,29124,2741,444,8026,1004,163,2741
Docker-OSX,sickcodes,https://github.com/sickcodes/Docker-OSX,52583,504,2198,397,288,1023,251,2190
ionic-framework,ionic-team,https://github.com/ionic-team/ionic-framework,52509,14510,4677,593,21582,1019,224,4671
odoo,odoo,https://github.com/odoo/odoo,52351,200476,4412,3707,15291,1018,262,4408
prettier,prettier,https://github.com/prettier/prettier,51968,11364,3481,1173,6079,1044,263,3448
Motrix,agalwood,https://github.com/agalwood/Motrix,51935,1170,2732,761,602,1000,199,2717
etcd,etcd-io,https://github.com/etcd-io/etcd,51805,24937,4722,108,7090,1009,145,4694
windows,dockur,https://github.com/dockur/windows,51663,584,879,107,901,1002,235,875
minimind,jingyaogong,https://github.com/jingyaogong/minimind,51591,355,684,20,606,1000,307,646
lx-music-desktop,lyswhut,https://github.com/lyswhut/lx-music-desktop,51511,2531,2493,1174,1298,1002,283,2485
jekyll,jekyll,https://github.com/jekyll/jekyll,51486,11872,6443,128,4806,1001,298,6263
guava,google,https://github.com/google/guava,51474,7370,4396,619,3042,1002,25,4232
freqtrade,freqtrade,https://github.com/freqtrade/freqtrade,51352,32057,3311,23,5598,1000,128,3203
lazydocker,jesseduffield,https://github.com/jesseduffield/lazydocker,51322,892,2581,193,216,1001,373,2493
DefinitelyTyped,DefinitelyTyped,https://github.com/DefinitelyTyped/DefinitelyTyped,51264,91208,4997,564,7552,1001,226,4985
go-ethereum,ethereum,https://github.com/ethereum/go-ethereum,51126,17093,4550,180,8498,1003,100,4535
MediaCrawler,NanmiCoder,https://github.com/NanmiCoder/MediaCrawler,51072,770,1098,153,454,1004,327,1091
Semantic-UI,Semantic-Org,https://github.com/Semantic-Org/Semantic-UI,51066,6749,4811,964,5269,1002,314,4436
plane,makeplane,https://github.com/makeplane/plane,50694,7039,1300,761,1010,1000,317,1190
whisper.cpp,ggml-org,https://github.com/ggml-org/whisper.cpp,50646,4651,1355,1043,887,1002,266,1352
dbeaver,dbeaver,https://github.com/dbeaver/dbeaver,50511,28680,3886,3210,17109,1050,213,3886
llama_index,run-llama,https://github.com/run-llama/llama_index,50082,7830,1317,178,6948,1000,262,1296
bulma,jgthms,https://github.com/jgthms/bulma,50076,1946,3791,345,2403,1000,449,3759
litellm,BerriAI,https://github.com/BerriAI/litellm,50075,39656,1050,1390,9400,1267,69,1049
Fooocus,lllyasviel,https://github.com/lllyasviel/Fooocus,50032,1144,1037,238,1421,1000,389,1025
mastodon,mastodon,https://github.com/mastodon/mastodon,50014,21550,3762,4256,8679,1000,245,3760
expo,expo,https://github.com/expo/expo,50009,32687,3587,285,18490,1003,314,3565
json,nlohmann,https://github.com/nlohmann/json,49912,4936,4725,26,2350,1063,150,4562
remotion,remotion-dev,https://github.com/remotion-dev/remotion,49795,33700,2179,112,2747,1018,171,2155
cypress,cypress-io,https://github.com/cypress-io/cypress,49710,23079,4117,1132,14304,1104,292,4094
twenty,twentyhq,https://github.com/twentyhq/twenty,49705,12654,1288,99,6424,1001,87,1141
query,TanStack,https://github.com/TanStack/query,49703,4811,2466,71,2251,1008,284,2456
alist,AlistGo,https://github.com/AlistGo/alist,49643,2434,1996,527,3939,1013,230,1990
penpot,penpot,https://github.com/penpot/penpot,49555,22527,3816,592,2056,1003,168,3428
huginn,huginn,https://github.com/huginn/huginn,49457,4059,4841,612,1578,1026,109,4829
jadx,skylot,https://github.com/skylot/jadx,49013,2662,4833,416,1679,1000,228,4806
BMAD-METHOD,bmad-code-org,https://github.com/bmad-code-org/BMAD-METHOD,48966,1916,424,49,951,1006,279,414
pandas,pandas-dev,https://github.com/pandas-dev/pandas,48959,38106,5770,2953,25356,1000,120,5734
goose,aaif-goose,https://github.com/aaif-goose/goose,48877,4695,657,173,2149,1003,295,656
julia,JuliaLang,https://github.com/JuliaLang/julia,48812,62077,5530,3775,22224,1009,110,5524
dayjs,iamkun,https://github.com/iamkun/dayjs,48651,1644,2984,962,877,1012,335,2981
terraform,hashicorp,https://github.com/hashicorp/terraform,48637,35532,4472,1757,19954,1001,329,4457
kubernetes-the-hard-way,kelseyhightower,https://github.com/kelseyhightower/kubernetes-the-hard-way,48624,296,3626,23,416,1000,482,3572
x64dbg,x64dbg,https://github.com/x64dbg/x64dbg,48613,6141,4078,565,2138,1003,60,4075
RxJava,ReactiveX,https://github.com/ReactiveX/RxJava,48236,6427,4902,21,3251,1009,89,4887
type-challenges,type-challenges,https://github.com/type-challenges/type-challenges,48196,1028,2149,33144,4021,1021,517,2147
htmx,bigskysoftware,https://github.com/bigskysoftware/htmx,48183,3541,2250,607,1105,1000,153,2219
moment,moment,https://github.com/moment/moment,47970,4064,5581,249,3916,1001,279,5463
ClickHouse,ClickHouse,https://github.com/ClickHouse/ClickHouse,47948,239177,3661,4868,24156,1001,216,3648
ruff,astral-sh,https://github.com/astral-sh/ruff,47937,15596,1402,1662,6409,1001,190,1391
tldraw,tldraw,https://github.com/tldraw/tldraw,47716,5870,1859,359,2095,1008,225,1816
metabase,metabase,https://github.com/metabase/metabase,47646,42713,4147,3813,21408,1000,158,4109
gogs,gogs,https://github.com/gogs/gogs,47597,6311,4502,931,4264,1006,212,4498
Win11Debloat,Raphire,https://github.com/Raphire/Win11Debloat,47438,440,2052,30,309,1012,200,1383
pixijs,pixijs,https://github.com/pixijs/pixijs,47376,8706,4888,285,5830,1000,148,4845
textgen,oobabooga,https://github.com/oobabooga/textgen,47286,5751,1268,797,3398,1000,163,1261
cherry-studio,CherryHQ,https://github.com/CherryHQ/cherry-studio,47220,6958,748,944,9204,1002,208,699
quill,slab,https://github.com/slab/quill,47141,5752,5063,571,3271,1027,366,4922
slidev,slidevjs,https://github.com/slidevjs/slidev,47124,3052,1874,173,1183,1003,297,1865
okhttp,square,https://github.com/square/okhttp,46970,6291,5071,77,4196,1008,210,5044
spotube,KRTirtho,https://github.com/KRTirtho/spotube,46921,2155,1943,779,1309,1002,236,1607
serverless,serverless,https://github.com/serverless/serverless,46919,16432,4069,1112,5507,1001,212,3949
acme.sh,acmesh-official,https://github.com/acmesh-official/acme.sh,46865,6614,3820,1150,2463,1005,127,3816
LocalAI,mudler,https://github.com/mudler/LocalAI,46791,6633,1180,150,1300,1000,266,1176
nvm-windows,coreybutler,https://github.com/coreybutler/nvm-windows,46763,542,4282,65,900,1012,443,4274
fanqiang,bannedbook,https://github.com/bannedbook/fanqiang,46709,1407,4166,326,499,1000,168,3921
JeecgBoot,jeecgboot,https://github.com/jeecgboot/JeecgBoot,46705,2268,2754,28,8356,1001,218,2662
bevy,bevyengine,https://github.com/bevyengine/bevy,46571,11620,2335,2725,5642,1001,220,2226
tmux,tmux,https://github.com/tmux/tmux,46476,11268,4025,14,3986,1019,210,4024
prisma,prisma,https://github.com/prisma/prisma,46241,12226,2548,2444,9504,1028,353,3068
awesome-claude-code,hesreallyhim,https://github.com/hesreallyhim/awesome-claude-code,46209,1157,417,444,1061,1003,99,362
monaco-editor,microsoft,https://github.com/microsoft/monaco-editor,46169,3634,3656,763,3237,1004,381,3644
aider,Aider-AI,https://github.com/Aider-AI/aider,46007,13138,1129,1259,2910,1000,227,1127
upscayl,upscayl,https://github.com/upscayl/upscayl,45995,1114,1412,48,1014,1000,174,1385
airflow,apache,https://github.com/apache/airflow,45780,38968,4077,1180,13482,1000,129,4024
architecture-samples,android,https://github.com/android/architecture-samples,45716,830,3779,144,350,1000,307,3722
zx,google,https://github.com/google/zx,45530,1025,1863,22,498,1001,230,1856
Rocket.Chat,RocketChat,https://github.com/RocketChat/Rocket.Chat,45438,29632,4041,2430,14590,1002,245,4034
jest,jestjs,https://github.com/jestjs/jest,45416,7662,4566,172,8028,1015,400,4394
cal.diy,calcom,https://github.com/calcom/cal.diy,45413,16450,1907,1063,8215,1000,240,1899
exo,exo-explore,https://github.com/exo-explore/exo,45296,2351,717,153,739,1011,278,693
CowAgent,zhayujie,https://github.com/zhayujie/CowAgent,45230,2024,1404,14,2113,1001,353,1276
copyparty,9001,https://github.com/9001/copyparty,45185,4632,2573,230,721,1021,260,1935
Leaflet,Leaflet,https://github.com/Leaflet/Leaflet,45181,8150,5741,394,4955,1003,218,5719
iina,iina,https://github.com/iina/iina,45178,4048,3461,1813,2625,1004,296,3443
Umi-OCR,hiroi-sora,https://github.com/hiroi-sora/Umi-OCR,45123,1267,1536,340,519,1005,225,1518
CppCoreGuidelines,isocpp,https://github.com/isocpp/CppCoreGuidelines,45087,2202,3949,242,993,1008,158,3921
streamlit,streamlit,https://github.com/streamlit/streamlit,44933,9853,2483,1097,4828,1003,360,2481
helix,helix-editor,https://github.com/helix-editor/helix,44895,7566,2201,1049,4814,1006,179,1857
pyenv,pyenv,https://github.com/pyenv/pyenv,44879,3692,5032,51,1850,1004,308,4919
grpc,grpc,https://github.com/grpc/grpc,44877,58575,4203,704,11278,1002,112,4165
bruno,usebruno,https://github.com/usebruno/bruno,44838,4362,1352,1282,2909,1006,357,1352
cli,cli,https://github.com/cli/cli,44795,11429,2443,964,5121,1000,371,2438
TrafficMonitor,zhongyang219,https://github.com/zhongyang219/TrafficMonitor,44780,1333,3238,1300,736,1000,423,3118
meteor,meteor,https://github.com/meteor/meteor,44773,42134,5257,227,9062,1001,302,5174
milvus,milvus-io,https://github.com/milvus-io/milvus,44729,24827,2460,712,15223,1002,82,2460
pandoc,jgm,https://github.com/jgm/pandoc,44725,19043,5927,971,7309,1002,84,5909
RSSHub,DIYgod,https://github.com/DIYgod/RSSHub,44651,16915,2992,326,6085,1001,222,2979
hyper,vercel,https://github.com/vercel/hyper,44597,4066,3632,946,2877,1002,424,3591
siyuan,siyuan-note,https://github.com/siyuan-note/siyuan,44392,22211,2111,326,16322,1000,93,2103
qlib,microsoft,https://github.com/microsoft/qlib,44285,2065,2127,295,768,1000,138,2087
sentry,getsentry,https://github.com/getsentry/sentry,44088,105178,5763,1752,15318,1001,248,5760
cobra,spf13,https://github.com/spf13/cobra,44076,1105,4663,244,1001,1005,325,4634
parcel,parcel-bundler,https://github.com/parcel-bundler/parcel,44027,3499,3230,463,5069,1081,397,3107
react-use,streamich,https://github.com/streamich/react-use,43976,3016,2784,365,247,1001,364,2770
EasySpider,NaiboWang,https://github.com/NaiboWang/EasySpider,43964,688,2154,265,496,1000,204,1195
babel,babel,https://github.com/babel/babel,43958,18541,4274,587,8495,1001,119,4269
retrofit,square,https://github.com/square/retrofit,43892,2765,5756,128,2641,1003,271,5638
mitmproxy,mitmproxy,https://github.com/mitmproxy/mitmproxy,43877,11174,5959,370,3302,1033,255,5499
Files,files-community,https://github.com/files-community/Files,43853,6894,2715,485,10764,1006,122,2677
supervision,roboflow,https://github.com/roboflow/supervision,43817,4893,1291,48,481,1000,123,1228
kong,Kong,https://github.com/Kong/kong,43564,11262,4223,65,4535,1021,219,4149
chrome-devtools-mcp,ChromeDevTools,https://github.com/ChromeDevTools/chrome-devtools-mcp,43378,928,273,64,379,1032,390,260
logseq,logseq,https://github.com/logseq/logseq,43342,24671,2210,884,7279,1000,145,2149
fd,sharkdp,https://github.com/sharkdp/fd,43312,1934,3319,127,845,1009,190,3301
pm2,Unitech,https://github.com/Unitech/pm2,43202,5218,4769,1010,4123,1012,361,4751
fuels-ts,FuelLabs,https://github.com/FuelLabs/fuels-ts,43140,1852,1742,57,1400,1003,59,1509
bubbletea,charmbracelet,https://github.com/charmbracelet/bubbletea,43053,1867,2343,104,331,1007,270,2065
zig,ziglang,https://github.com/ziglang/zig,43046,36058,3962,2787,10735,1016,189,3789
jan,janhq,https://github.com/janhq/jan,42975,8069,1029,395,3216,1000,44,1011
payload,payloadcms,https://github.com/payloadcms/payload,42960,15492,1983,373,4234,1000,141,1972
zod,colinhacks,https://github.com/colinhacks/zod,42934,2927,2286,93,3008,1007,357,2279
hyperswitch,juspay,https://github.com/juspay/hyperswitch,42917,7266,1333,1120,2703,1009,180,1296
gradio,gradio-app,https://github.com/gradio-app/gradio,42891,8603,2731,258,6385,1004,202,2603
ccxt,ccxt,https://github.com/ccxt/ccxt,42885,96310,3315,814,10611,1000,68,3263
ray,ray-project,https://github.com/ray-project/ray,42844,30677,3516,2831,19906,1002,111,3487
desktop,zen-browser,https://github.com/zen-browser/desktop,42755,6804,805,470,8761,1000,261,789
DeepSpeed,deepspeedai,https://github.com/deepspeedai/DeepSpeed,42498,3182,2331,1161,2173,1021,168,2306
Alamofire,Alamofire,https://github.com/Alamofire/Alamofire,42392,1678,4333,30,2786,1002,438,4282
diagrams,mingrammer,https://github.com/mingrammer/diagrams,42338,669,2321,315,227,1001,287,2309
Fabric,danielmiessler,https://github.com/danielmiessler/Fabric,42283,3848,889,32,822,1000,361,873
puter,HeyPuter,https://github.com/HeyPuter/puter,42233,5905,830,12,1157,1000,162,827
FlClash,chen08209,https://github.com/chen08209/FlClash,42104,204,1031,786,1064,1000,436,766
GitNexus,abhigyanpatwari,https://github.com/abhigyanpatwari/GitNexus,41959,1236,312,235,644,1000,287,284
swiper,nolimits4web,https://github.com/nolimits4web/swiper,41849,3838,5202,235,5584,1002,232,5185
hexo,hexojs,https://github.com/hexojs/hexo,41751,3747,5009,71,3924,1034,327,4918
fastlane,fastlane,https://github.com/fastlane/fastlane,41640,16849,4209,566,12723,1003,21,4233
black,psf,https://github.com/psf/black,41560,2241,3011,270,2528,1000,267,3009
uni-app,dcloudio,https://github.com/dcloudio/uni-app,41536,10779,2891,684,4399,1002,292,2878
dubbo,apache,https://github.com/apache/dubbo,41516,8875,5105,827,6578,1000,406,4810
yarn,yarnpkg,https://github.com/yarnpkg/yarn,41505,2358,3796,1869,4754,1039,208,3738
cheat.sh,chubin,https://github.com/chubin/cheat.sh,41448,923,3321,132,138,1009,226,3279
ColossalAI,hpcaitech,https://github.com/hpcaitech/ColossalAI,41397,3977,1687,443,1296,1005,136,1624
lossless-cut,mifi,https://github.com/mifi/lossless-cut,41214,3693,3511,248,1619,1001,234,3510
nw.js,nwjs,https://github.com/nwjs/nw.js,41184,5777,5272,887,6560,1005,255,5261
aria2,aria2,https://github.com/aria2/aria2,41175,5445,5675,1092,828,1000,172,5317
tabler,tabler,https://github.com/tabler/tabler,41167,3132,3052,93,1071,1000,332,3022
daisyui,saadeghi,https://github.com/saadeghi/daisyui,41107,2974,2020,53,2105,1002,255,1981
vue2-elm,bailicangdu,https://github.com/bailicangdu/vue2-elm,41064,512,3457,119,512,1000,438,3243
ChatGLM-6B,zai-org,https://github.com/zai-org/ChatGLM-6B,41045,368,1186,565,750,1005,529,1167
vuetify,vuetifyjs,https://github.com/vuetifyjs/vuetify,40995,18175,3559,390,14988,1001,186,3465
airi,moeru-ai,https://github.com/moeru-ai/airi,40933,3947,557,84,390,1002,216,467
cobalt,imputnet,https://github.com/imputnet/cobalt,40825,3281,1434,215,806,1001,255,1423
free,freefq,https://github.com/freefq/free,40789,8115,2195,577,285,1005,370,2152
agno,agno-agi,https://github.com/agno-agi/agno,40646,5689,1499,437,1960,1006,235,869
vim,vim,https://github.com/vim/vim,40484,23815,3949,1576,8000,1000,223,3949
chatbox,chatboxai,https://github.com/chatboxai/chatbox,40428,1049,1193,1100,1528,1000,347,1190
3x-ui,MHSanaei,https://github.com/MHSanaei/3x-ui,40346,2750,1218,80,3592,1003,299,1206
trpc,trpc,https://github.com/trpc/trpc,40317,4894,2154,149,1207,1005,179,1965
faiss,facebookresearch,https://github.com/facebookresearch/faiss,40264,2096,3411,222,2532,1001,240,3405
tidb,pingcap,https://github.com/pingcap/tidb,40148,28208,3931,4837,18429,1001,148,3931
php-src,php,https://github.com/php/php-src,40139,146423,5474,963,4199,1002,185,1656
appsmith,appsmithorg,https://github.com/appsmithorg/appsmith,40026,20335,2172,4413,19311,1004,157,2125
esbuild,evanw,https://github.com/evanw/esbuild,39920,4439,3649,559,3336,1004,349,2329
headscale,juanfont,https://github.com/juanfont/headscale,39918,4264,2181,75,1226,1001,258,1910
fiber,gofiber,https://github.com/gofiber/fiber,39833,5979,2338,42,1673,1000,201,2333
video.js,videojs,https://github.com/videojs/video.js,39789,4202,5872,615,4817,1002,326,5866
gorm,go-gorm,https://github.com/go-gorm/gorm,39789,2795,4612,483,5655,1008,282,4595
photoprism,photoprism,https://github.com/photoprism/photoprism,39782,13380,3057,431,2140,1142,228,2804
phaser,phaserjs,https://github.com/phaserjs/phaser,39757,20915,4808,101,4534,1000,163,4786
nushell,nushell,https://github.com/nushell/nushell,39714,11506,2589,1407,5769,1002,232,2581
shellcheck,koalaman,https://github.com/koalaman/shellcheck,39558,2234,4954,1215,1779,1052,236,4927
stats,exelban,https://github.com/exelban/stats,39536,2342,2570,26,2663,1004,96,2537
Xray-core,XTLS,https://github.com/XTLS/Xray-core,39482,1884,2040,21,2952,1000,177,2028
FastChat,lm-sys,https://github.com/lm-sys/FastChat,39471,890,1180,881,1074,1002,356,1167
ChatTTS,2noise,https://github.com/2noise/ChatTTS,39432,434,745,57,615,1000,460,733
yazi,sxyazi,https://github.com/sxyazi/yazi,39315,1427,1069,53,1793,1005,119,1035
minds-platform,mindsdb,https://github.com/mindsdb/minds-platform,39290,20575,2870,53,4380,1001,125,2812
it-tools,CorentinTh,https://github.com/CorentinTh/it-tools,39269,618,2258,479,222,1000,245,2194
bark,suno-ai,https://github.com/suno-ai/bark,39149,83,1161,236,241,1001,401,1069
leveldb,google,https://github.com/google/leveldb,39144,447,4305,255,540,1001,121,4288
novu,novuhq,https://github.com/novuhq/novu,39096,22042,1750,59,1642,1005,153,1742
devdocs,freeCodeCamp,https://github.com/freeCodeCamp/devdocs,39056,6640,4613,199,1075,1001,278,4599
sniffnet,GyulyVGC,https://github.com/GyulyVGC/sniffnet,39048,2930,1410,56,299,1013,169,1364
halo,halo-dev,https://github.com/halo-dev/halo,38953,6164,3004,144,4519,1011,121,2961
manim,ManimCommunity,https://github.com/ManimCommunity/manim,38934,6244,2214,388,1380,1008,46,2210
LibreChat,danny-avila,https://github.com/danny-avila/LibreChat,38911,4495,1215,278,4288,1001,193,1194
outline,outline,https://github.com/outline/outline,38872,9707,3671,42,4064,1003,235,3670
ink,vadimdemedes,https://github.com/vadimdemedes/ink,38871,787,3286,15,412,1002,245,3263
materialize,Dogfalo,https://github.com/Dogfalo/materialize,38864,3878,4290,623,4599,1010,355,4175
llvm-project,llvm,https://github.com/llvm/llvm-project,38770,584148,3473,28819,66812,1002,63,8283
duckdb,duckdb,https://github.com/duckdb/duckdb,38735,77824,2907,442,6534,1001,135,2865
polars,pola-rs,https://github.com/pola-rs/polars,38734,14857,2220,2485,10330,1003,133,2178
googletest,google,https://github.com/google/googletest,38705,4577,3971,389,1991,1003,392,3967
preact,preactjs,https://github.com/preactjs/preact,38691,6106,3926,61,1876,1009,148,3864
NewPipe,TeamNewPipe,https://github.com/TeamNewPipe/NewPipe,38641,12176,3933,1340,8932,1003,167,3926
lapce,lapce,https://github.com/lapce/lapce,38593,3636,3047,821,1210,1000,337,3012
insomnia,Kong,https://github.com/Kong/insomnia,38478,6229,3701,736,3268,1000,307,3698
Folo,RSSNext,https://github.com/RSSNext/Folo,38457,6933,794,364,2253,1001,150,766
reactive-resume,amruthpillai,https://github.com/amruthpillai/reactive-resume,38378,5486,2269,83,1982,1001,263,2267
ant-design-pro,ant-design,https://github.com/ant-design/ant-design-pro,38373,2830,3212,41,9786,1014,298,3206
metasploit-framework,rapid7,https://github.com/rapid7/metasploit-framework,38366,81732,5399,490,6044,1003,124,5398
new-api,QuantumNous,https://github.com/QuantumNous/new-api,38351,5876,944,525,2104,1003,269,942
spacedrive,spacedriveapp,https://github.com/spacedriveapp/spacedrive,38276,4883,1718,20,522,1007,203,1485
istio,istio,https://github.com/istio/istio,38210,26285,3491,400,21535,1005,141,3436
MPAndroidChart,PhilJay,https://github.com/PhilJay/MPAndroidChart,38202,2072,4430,2067,2898,1014,388,4394
cli,httpie,https://github.com/httpie/cli,38197,1797,5220,185,724,1005,303,5175
impress.js,impress,https://github.com/impress/impress.js,38182,423,5278,51,433,1001,282,5255
Langchain-Chatchat,chatchat-space,https://github.com/chatchat-space/Langchain-Chatchat,38157,2471,1168,10,4247,1011,394,1165
tesseract.js,naptha,https://github.com/naptha/tesseract.js,38133,846,4005,31,707,1004,388,3928
google-research,google-research,https://github.com/google-research/google-research,38118,5046,2807,1102,352,1001,419,2766
Sunshine,LizardByte,https://github.com/LizardByte/Sunshine,38097,3336,1638,91,1213,1005,266,1609
qBittorrent,qbittorrent,https://github.com/qbittorrent/qBittorrent,38097,13780,5241,2531,15021,1000,294,5052
ShareX,ShareX,https://github.com/ShareX/ShareX,38059,8792,4628,648,6793,1000,210,4597
aspnetcore,dotnet,https://github.com/dotnet/aspnetcore,38021,56460,4475,3700,35462,1094,300,4428
ToolJet,ToolJet,https://github.com/ToolJet/ToolJet,38009,16515,1899,520,4704,1000,196,1897
RevokeMsgPatcher,huiyadanli,https://github.com/huiyadanli/RevokeMsgPatcher,37892,305,2517,54,969,1008,417,2497
freecodecamp.cn,FreeCodeCampChina,https://github.com/FreeCodeCampChina/freecodecamp.cn,37710,8845,3541,143,445,1002,328,3467
portainer,portainer,https://github.com/portainer/portainer,37704,5913,3675,700,5395,1024,288,3655
sqlmap,sqlmapproject,https://github.com/sqlmapproject/sqlmap,37634,10634,5098,41,5376,1001,118,5097
v,vlang,https://github.com/vlang/v,37624,23421,2680,31,10517,1001,151,2673
taro,NervJS,https://github.com/NervJS/taro,37530,14349,2986,1629,11825,1008,272,2926
compose,docker,https://github.com/docker/compose,37511,5768,4567,77,8267,1001,390,4542
aseprite,aseprite,https://github.com/aseprite/aseprite,37437,10631,4313,1896,2684,1001,91,4313
zoxide,ajeetdsouza,https://github.com/ajeetdsouza/zoxide,37432,601,2289,120,618,1016,225,2283
Open-Assistant,LAION-AI,https://github.com/LAION-AI/Open-Assistant,37399,3477,1276,229,1419,1005,155,1253
arthas,alibaba,https://github.com/alibaba/arthas,37359,2217,2843,383,1765,1001,318,2831
tutorials,eugenp,https://github.com/eugenp/tutorials,37344,20668,4791,17,774,1003,239,4565
deeplearningbook-chinese,exacity,https://github.com/exacity/deeplearningbook-chinese,37286,730,3473,64,139,1000,172,3006
mattermost,mattermost,https://github.com/mattermost/mattermost,37259,22666,4014,576,8709,1000,271,4004
CLIProxyAPI,router-for-me,https://github.com/router-for-me/CLIProxyAPI,37225,2677,345,255,1667,1001,227,335
tiptap,ueberdosis,https://github.com/ueberdosis/tiptap,37202,7857,2852,800,2822,1001,385,2845
umami,umami-software,https://github.com/umami-software/umami,37111,6150,2155,83,2094,1000,191,2122
servo,servo,https://github.com/servo/servo,37046,56652,5237,2873,12994,1000,139,5180
xyflow,xyflow,https://github.com/xyflow/xyflow,37025,6195,2523,90,2307,1026,230,2437
MockingBird,babysor,https://github.com/babysor/MockingBird,36904,215,1769,477,415,1012,302,1652
pytorch-image-models,huggingface,https://github.com/huggingface/pytorch-image-models,36873,3116,2686,44,988,1000,219,2520
shadowsocks-android,shadowsocks,https://github.com/shadowsocks/shadowsocks-android,36688,3741,4925,62,2458,1003,243,4893
harness,harness,https://github.com/harness/harness,36672,4142,4507,86,1939,1001,236,4493
date-fns,date-fns,https://github.com/date-fns/date-fns,36576,2588,4266,656,1389,1006,394,4251
typeorm,typeorm,https://github.com/typeorm/typeorm,36536,6025,3755,422,8177,1006,178,3698
LightRAG,HKUDS,https://github.com/HKUDS/LightRAG,36459,8348,617,198,1254,1000,380,607
fastify,fastify,https://github.com/fastify/fastify,36455,4741,3543,76,2098,1006,104,3527
Trilium,TriliumNext,https://github.com/TriliumNext/Trilium,36412,31736,3306,739,4655,1001,191,3087
dioxus,DioxusLabs,https://github.com/DioxusLabs/dioxus,36344,7165,1973,609,1954,1000,213,1886
